CREATE TABLE PIZZA(
    PCODE CHAR(4) NOT NULL,
    PNAME VARCHAR2(30),
    COST NUMBER(7),
    CONSTRAINT PK_PIZZA PRIMARY KEY (PCODE)
);

CREATE TABLE SHOP(
    SCODE CHAR(4) NOT NULL,
    SNAME VARCHAR2(20),
    CONSTRAINT PK_SHOP PRIMARY KEY (SCODE)
);

CREATE TABLE SALELIST(
    SALENO NUMBER(7) NOT NULL,
    SCODE CHAR(4) NOT NULL REFERENCES SHOP (SCODE),
    SALEDATE DATE,
    PCODE CHAR(4) NOT NULL REFERENCES PIZZA (PCODE),
    AMOUNT NUMBER(5),
    CONSTRAINT PK_SALELIST PRIMARY KEY (SALENO)
);

INSERT INTO PIZZA VALUES('AA01', '고르곤졸라피자', 6000);
INSERT INTO PIZZA VALUES('AA02', '치즈피자', 6500);
INSERT INTO PIZZA VALUES('AA03', '페퍼로니피자', 7000);
INSERT INTO PIZZA VALUES('AA04', '콤비네이션피자', 7500);
INSERT INTO PIZZA VALUES('AA05', '고구마피자', 6000);
INSERT INTO PIZZA VALUES('AA06', '포테이토피자', 7000);
INSERT INTO PIZZA VALUES('AA07', '불고기피자', 8000);
INSERT INTO PIZZA VALUES('AA08', '나폴리피자', 8000);

INSERT INTO SHOP VALUES('S001','강남점');
INSERT INTO SHOP VALUES('S002','강서점');
INSERT INTO SHOP VALUES('S003','강동점');
INSERT INTO SHOP VALUES('S004','영동점');
INSERT INTO SHOP VALUES('S005','시청점');
INSERT INTO SHOP VALUES('S006','인천점');

INSERT INTO SALELIST VALUES(100001,'S001','2018-12-02','AA01',50);
INSERT INTO SALELIST VALUES(100002,'S001','2018-12-02','AA02',30);
INSERT INTO SALELIST VALUES(100003,'S001','2018-12-02','AA03',20);
INSERT INTO SALELIST VALUES(100004,'S001','2018-12-02','AA04',50);
INSERT INTO SALELIST VALUES(100005,'S003','2018-12-03','AA01',40);
INSERT INTO SALELIST VALUES(100006,'S003','2018-12-03','AA02',60);
INSERT INTO SALELIST VALUES(100007,'S003','2018-12-03','AA04',60);
INSERT INTO SALELIST VALUES(100008,'S003','2018-12-04','AA05',70);
INSERT INTO SALELIST VALUES(100009,'S005','2018-12-02','AA01',80);
INSERT INTO SALELIST VALUES(100010,'S005','2018-12-02','AA03',30);
INSERT INTO SALELIST VALUES(100011,'S005','2018-12-02','AA04',40);
INSERT INTO SALELIST VALUES(100012,'S005','2018-12-02','AA05',50);
INSERT INTO SALELIST VALUES(100013,'S004','2018-12-04','AA01',30);
INSERT INTO SALELIST VALUES(100014,'S004','2018-12-04','AA02',20);
INSERT INTO SALELIST VALUES(100015,'S004','2018-12-04','AA06',50);

SELECT 
    PIZZA.PCODE,
    PIZZA.PNAME,
    SUM(PIZZA.COST * SALELIST.AMOUNT)
FROM
    PIZZA, SALELIST
WHERE
    PIZZA.PCODE = SALELIST.PCODE
GROUP BY
    PIZZA.PCODE, PIZZA.PNAME
ORDER BY
    SUM(PIZZA.COST * SALELIST.AMOUNT) DESC
;